<?xml version="1.0" encoding="UTF-8"?>
<project-private xmlns="http://www.netbeans.org/ns/project-private/1">
    <editor-bookmarks xmlns="http://www.netbeans.org/ns/editor-bookmarks/2" lastBookmarkId="0"/>
    <open-files xmlns="http://www.netbeans.org/ns/projectui-open-files/2">
        <group>
            <file>file:/D:/github/common_java_server/lib/game_log_sdk/src/com/haowan/logger/dao/MongoDBHelper.java</file>
            <file>file:/D:/github/common_java_server/lib/game_log_sdk/src/com/haowan/logger/service/LogService.java</file>
        </group>
    </open-files>
</project-private>
